Politiques,alainjuppe
Politiques,NicolasSarkozy
Politiques,JLMelenchon
Politiques,EmmanuelMacron
Politiques,FrancoisFillon
Politiques,PhilippePoutou
Politiques,fhollande
Politiques,benoithamon
Politiques,MLP_officiel
Chanteurs,JohnnySjh
Chanteurs,MPokora
Chanteurs,CelineDionFR
Chanteurs,TalOfficial
Chanteurs,KarismatikKenza
Chanteurs,Orel_san
Chanteurs,martinsolveig
Chanteurs,sexiondasso
Chanteurs,manuchao
Chanteurs,Sopranopsy4
Chanteurs,maitrgims
Chanteurs,max_boublil
Humoristes,MichaelYoun
Humoristes,omar_fred
Humoristes,gadelmaleh
Humoristes,debbouzejamel
Humoristes,kevadamsss
Humoristes,dubosc_franck
Humoristes,stephaneguillon
Humoristes,kyank
Humoristes,OmarSy